age,Female,Male
11,0.8986433941069731,0.8954526015680684
14,0.7595181533832204,0.8071857670979666
17,0.6888993965594883,0.7347455776370386
