outlook,Yes,No
partner,0.784122359796067,0.215877640203933
job,0.7823743627093955,0.21762563729060452
home,0.7592134013109978,0.24078659868900218
children,0.5060451565914057,0.4939548434085943
money,0.4492352512745812,0.5507647487254188
famous,0.11158048069919883,0.8884195193008012
none,0.017916970138383104,0.9820830298616169
